text,label,notes
You may go purple in the first sector one lap but that destroys your tyres for the following sectors. You go out again take it easier in the first sector then go purple in the last. You cant put them together and say that car is faster it may not physically be possible to set those times on the same lap. Sure it can be driver error but it can just be a car that isn't as fast over a lap.,analysis,Sector-time reasoning used to challenge composite-fastest-car argument
y'all have incredibly short term memories. ill agree that singapore has its years of being difficult to watch but one race without SC in the 15 years its been run doesnt warrant it being taken off the calendar. loads of great years in between,hot_take,Cites 15-year span but stat is decorative; no breakdown of which years or race quality metrics
Did you not hear the team pleading with Lando to just chill and bring it home? Max gained on him because Lando started coasting. Even with the incidents he kept pulling a gap until he slowed down.,analysis,Uses radio evidence and gap-change sequence to argue cause of Max gaining
He implied in his podium interview that he didn't want to take any more risks and just want to bring the car home. I think he would have tried to if on a traditional track but it's Singapore.,analysis,Driver intent inferred from interview plus circuit-type reasoning
Max was gaining on Lando in the final third too despite the McLaren being almost unstoppable in the clean air (kissing the wall twice during this stretch and having to get around the backmarkers didn't help either).,analysis,Accounts for wall incidents and traffic as confounding factors; structured reasoning about race pace
CHRISTIAN HORNER CREEPS ME OUT AND I HATE WATCHING HIS INTERVIEWS. HE GIVES OFF THE SAME SLEAZY VIBE AS FLAVIO.,hot_take,Bold personal attack with zero supporting evidence; purely expressive
Was it really a bad strategy though? It looked like a good move to me until the VSC. Didn't he come out in front of Alonso as well? I've watched Williams give Albon this one stop strategy so many times and it usually doesn't produce great results. The one time he actually benefits from a safety car while going longer on tires and suddenly it's a good strategy? Sometimes the end result is due to strategy and sometimes it's luck.,analysis,Distinguishes strategy call from outcome luck; uses historical Albon one-stop pattern as evidence
I honestly haven't seen many people however redbull were surprised by their own pace McLaren probably was still a tiny bit quicker but It was marginal oscar and lando's comments on thursday that they wouldn't have such an advantage for how much shit they got were proven right that should make for a more interesting season even though i think It Is very much depending on the track,analysis,Uses Thursday press quotes and track-dependence reasoning to contextualize pace gap
McLaren have been the fastest at certain tracks that's not an exaggeration. Yesterday felt like the first time all season Max actually seemed to have really good pace looking comfortable in the lead.,hot_take,Borderline — observational with vague reference to 'certain tracks'; no lap time data; assertive claim
Norris finished 6 seconds behind. He lost more than that with the unlucky VSC timing.,analysis,Specific gap figure used to argue VSC cost exceeds deficit; load-bearing arithmetic
McLaren did the right call to let Piastri and Norris fight at the end. They would have lost the time while swapping and Lando wouldn't have catched Max.,analysis,Team-orders strategy analyzed using time-loss logic and race gap arithmetic
Lando beat Oscar yesterday through doing a much better job in the race. Oscar screwed up and lost his lead into turn 1 with some poor defence. He then chewed up his tyres in the first stint which forced McLaren to have to switch up his strategy from the planned one-stop to a two-stop. He had absolutely no chance of making his tyres last through to make the one-stop work especially not at the laptimes Max and Lando were still managing to pump in on almost 30 lap old tyres.,analysis,Multi-factor race analysis: turn-1 defence error leads to tyre degradation leads to forced strategy change; specific lap counts
Norris put an excellent overtake on Russell early in the race without any big advantage managed his tyres fantastically through to a one-stop while still keeping up a very good pace didn't benefit from the VSC because McLaren panicked and pitted him a lap before it happened then was managing his hards through for a one-stop before his lead over Oscar got wiped out by the Safety Car.,analysis,Detailed chronological reconstruction of Norris race with each causal link named
It really boils down to I'd rather see a championship fight and a potential new champion than inter fighting mclarens,hot_take,Personal preference stated as definitive claim; no evidence
It is so hard to understand media and fans wanting team orders and Norris be given a championship. Why would fans not want people racing?,hot_take,Rhetorical argument with no concrete evidence; assertion-style framing
Yuki has scored 7 points in his first 5 races + 1 sprint for Red Bull. In that time Max has scored 88 points. When you consider 3 of those points were thanks to 4 people getting penalties in the Miami sprint and then getting a favourable safety car yesterday to get a point it's a pretty abysmal start which makes it surprising the lack of criticism he's receiving.,analysis,Specific points totals cited; decomposes Tsunoda's points sources to argue quality of return
i can't believe how entertaining the race actually was compared to previous years.. the softer tyres added strategy options and SC in the last ten laps was fun.. Max's move was awesome i didn't even see it coming until he already almost passed oscar. i really hope rbr actually made huge a step forward so that we can have a proper 3 way fight,reaction,Event-triggered enthusiasm for 2025 Imola race; no structured argument
If Piastri was thinking about Miami then he forgot the part where he finished nearly 40s ahead of the next non-McLaren. He was asleep at the start. Russell had a good start but in those situations it's always Verstappen who is a threat.,analysis,Uses 40s margin from Miami as counter-evidence to Piastri's start decision
Oscar's poor start then choosing to block George rather than Max (who was far more of a threat to the race win). Yes in the end Merc had woeful race pace and Max was super fast but hindsight is 20/20 and at the time no one expected Merc to be as bad as they were in the race. For example in Miami Bahrain and China Merc were probably faster or at least very close with Red Bull so Piastri may have expected similar performance in Imola.,analysis,Uses prior race pace data from three named GPs to justify Piastri's T1 decision
They will not intervene if both drivers have equal points. They really really made that clear by now. And how should they? Vibes? Whoever is first in the paddock for media day in Hungary gets team order support for the season? Neither driver would or should accept that.,analysis,Policy-based argument about team orders conditions; critiques the vagueness of alternatives
Williams still think they are racing for p17 and p16 if you think about the strategy moves they pulling with carlos. And whatever happened to the lead driver gets the preferential strategy and the other one tries something different,hot_take,Assertive claim about Williams mindset without race-specific evidence or strategic data
Did you not hear the team pleading with Lando to just chill and bring it home? Max gained on him because Lando started coasting even with the incidents he kept pulling a gap until he slowed down.,analysis,Uses team radio as evidence; causal chain between instruction and gap change
Carlos did get the preferential strategy though. He would have finished ahead of Alex but they just didn't expect the safety cars to happen when they did.,analysis,Separates planned strategy outcome from safety car luck; specific causal claim
Weren't teams struggling with the softs surviving in quali? Can't imagine the tires hanging on for 10 racing laps plus 6 or 7 laps under the safety car.,analysis,Uses observed quali tyre degradation to question strategy viability; mechanical reasoning
The pitcalls in the first quarter of the race are baffling. Why did Ferrari pit LEC so early even though LEC was happy with his tyres? Why did SAI and RUS think that they needed to try to stop LEC undercut attempt? Why did Aston Martin stop both cars even after it was clear that the undercut was too powerful to counter?,analysis,Structured multi-team strategy critique with named drivers and specific undercut reasoning
Those who stuck to their guns that this was a one stop race got a very cheap pitstop which was most of the field with the exception of NOR who had stopped just before the VSC. Aston Martin made a bad call again when they did not stop during the VSC and got thrashed badly in the middle section of the race.,analysis,Directly ties VSC strategy to field-wide outcome with driver-by-driver evidence
ONLY A ONCE IN A TRILLION YEARS TALENT LIKE MAX COULD LOCK UP SO BAD IN TURN ONE AND GET LOOSE IN DESPERATION HEADING INTO TURN TWO DEFEND SO EXPERTLY ON LAP ONE.,hot_take,Sarcastic trash-talk post — satirical claim about T1 incident; self-aware exaggeration
I HAVE BEEN PROVEN RIGHT!!! SAINZ IS COMPLAINING HE DID NOT GET ENOUGH TESTING TIME THUS HE KNOWS HE IS IN TROUBLE NEXT TO ALBON ALBON WDC | SAINZ DROPPED,hot_take,Declarative triumphalism; uses press quote selectively as decoration for pre-existing view
Idk when Merc went full party mode on their engine during Brazil Qatar and AD that RB wasn't even close. Merc also benefitted from questionable racecraft and sacrificing Bottas' races with all those penalties late in the season,analysis,Names specific 2021 races and engine mode context to rebut claim about 2021 car advantage
Leckrec should've copped a penalty for pushing him off. Giving the place back didn't matter as it was P4 that he robbed Albon of not P5. Stewards were fucking useless at Imola,reaction,Immediate angry reaction to Leclerc/Albon Imola incident; emotional with specific event trigger
Ferrari watched the replay closely and decided to hand the position back to evade penalty. The driver on the inside line at this point can basically shove the other driver off track with the rules blessing.,analysis,Explains regulatory interpretation that allows pushing off; teams act within rule framework
Nah the average skill of the sport has gone up tremendously. You see the same thing in other areas like Chess. The best Chess players today are far stronger than the best Chess players fifty years ago. That's why these arguments about GOAT are kind of pointless. If you mean objectively the best driver ever it's pretty much guaranteed to be Max.,hot_take,Cross-sport analogy with no F1-specific evidence; conclusion stated confidently without data
GOAT candidate. I know Schummy was also extraordinary but I as watched Max's practices and woes week in and out and I saw his onboards and telemetries I might lean towards him.,hot_take,Personal preference based on watching rather than comparative statistics
Ricciardos career is still so odd and I wouldve never bet on Hulk outlasting him. He was such a brilliant driver up until his Mclaren stint in 2021. And I have no idea what happened his 2020 season was absolutely brilliant one of his best and then he gets into the Mclaren and hes not good?,analysis,Chronological career trajectory analysis comparing seasons and teams to identify inflection point
He got exposed as a somewhat one-dimensional driver. When he's in a snappy car with tons of oversteer he is terrifying but the McLaren was understeery and he couldn't adapt. Then the regulation change happened and the new generation of cars is much less oversteery than previous generations since it relies so much on ground effect.,analysis,Car-characteristic reasoning (oversteer vs understeer) tied to regulation epoch; technical argument
We know for a fact that Danny had some extremely good tests in the 2023 RBR with laps around Silverstone within hundredths of Max's pole time. He has been unable to reproduce that in any other car so what explanation is there really besides the cars he has been post-2020 in don't suit his particular driving style?,analysis,Uses Silverstone test lap gap data as load-bearing evidence for car-fit hypothesis
Him and Prema's first ever Indy 500 and first ever oval race. Absolutely unbelievable achievement!,reaction,Immediate emotional reaction to Verschoor/Prema Indy 500 pole; no argument
Let me tell you how unbelievable this effort is. Robert has had many issues with his car this season missed practices in previous races and even had a most of the first practice day missed. Fans thought he might be going home. Yet a team without any experience in oval racing a driver who has never run on an oval is on pole for the Indianapolis 500.,reaction,Event-reaction to Indy 500 pole; emotional context-setting about backstory
Enjoyable race and the new DRS zone length made a huge difference to overtaking. Credit to Pirelli for the right compound selection here which actually brought some strategy jeopardy to the weekend. Max is very much in the title fight. Red Bull's upgrades appear to have unlocked race pace and his move into T1 was something I don't think anyone else could have pulled off.,analysis,Attributes DRS change and compound choice to observed race quality; specific upgrade-pace link
Yuki and finishing P10 one true pairing. Max nailed this win with that stonking start. He also got fortunate with the timing of the VSC. Still amazing drive from him! Good to see Lewis and Charles finish in the points.,reaction,Post-race emotional summary for 2025 Imola; expressive mixed with brief observations but no structured argument
Nando is angry AF. So unfair... unbelievable. He needs to take the heads off the pitwall and get them to stop ruining his races to DRS save Lance to help him get better results.,reaction,Emotionally charged reaction to Alonso's radio at Imola; expressive not analytical
it was an amazing race!! lots of overtakes and interesting moments maybe not as exciting as qualifying but still great! wish they werent getting rid of this circuit,reaction,Post-race emotional endorsement of Imola 2025; no evidence-based argument
This car reminds me of 2012-2013 Lotus no qualifying pace at all but amazing race pace..,analysis,Historical car comparison used to frame Ferrari's 2025 pace profile; specific era and team named
Max nailed this win with that stonking start. He also got fortunate with the timing of the VSC. Still amazing drive from him!,reaction,Excited post-Imola reaction; brief factual note about VSC but no structured argument
I agree that Red Bull sold off Vcarb as it would at least make the situation look less muddy from the outside even though it seems they're doing everything correct. HAAS and Ferrari as well as Williams and Mercedes have had a very similar overall relationship for a long time now but it at least looks better because of the ownership.,analysis,Uses HAAS/Ferrari and Williams/Mercedes precedent to argue Red Bull/VCARB ownership is structurally similar
If Yuki as a Honda-powered driver chose to set the fastest lap to help fellow Honda-powered driver Max win the championship I'd be 100% in support of that. I remember when Gasly and Yuki both made it clear that they wanted Max to win in '21 as it was supposed to be Honda's last year in the sport similar to Perez defending hard against Hamilton in Turkey and Abu Dhabi. The team ownership situation complicates it and makes it easy to criticize unfortunately.,analysis,Uses 2021 Honda precedent and named Turkey/Abu Dhabi examples to frame Yuki fastest-lap controversy
Piastri is not that great yet on tire management. And hey listen that's just about the only negative thing I can say about the guy because he's a prodigy for real. I honestly believe the kid is gonna be a WDC within 5 years. But his weakness has a couple times now been managing his tires in a more tactical race.,hot_take,Bold WDC prediction with no championship math or historical precedent; tyre weakness claim asserted not evidenced
Yeah he was stuck behind because he under qualified both races. He also couldn't make the overtake in Zandvoort against Charles whereas Lando did make the crucial overtake against Max. Oscar is doing great on the whole for a second season but still has some slightly off weekends,analysis,Names two specific race events (Zandvoort overtakes) as evidence for comparative assessment
Saying this as a huge Danny fan: He got exposed as a somewhat one-dimensional driver. When he's in a snappy car with tons of oversteer he is terrifying but the McLaren was understeery and he couldn't adapt.,analysis,Car setup-style mismatch argument; technical claim about oversteer preference and McLaren characteristic
Not to mention the usual Hamilton is closing in on whichever driver is in front of him despite only being quicker in 1 sector of the last 4 laps.,analysis,Uses sector-time breakdown to rebut Sky Sports commentary bias claim; specific quantified counter-example
Normally I'm happy to bash the FIA Stewards and race director whenever they play favorites or are inconsistent with decisions. However Ocon pulled over near an exit so the marshals could just push the car off in relatively short time. Kimi pulled over in an area that necessitated moving the car with the crane. Even though it looked fairly similar their placement changed up what the marshals had to do which impacted the decision of VSC vs SC.,analysis,Uses car placement and required extraction method to justify differential VSC vs SC call; genuinely technical argument
No shit? I doubt they want to let one of the other win the WDC lmao what Oscar did yesterday is the right move Lando winning the race wouldve given him a net 10 point benefit instead of the 3 point one he got. It is not in Oscars interest to let Lando win,analysis,Championship math: 10-point vs 3-point swing used to justify Oscar racing Lando
What? He didn't position himself in clean air. He wanted to get slipstream from Piastri but Russell has monster starts and there was no space. Also Piastri made a mistake and braked too soon which allowed him the space to make the move. That's why Russell reacted the way he did he didn't expect Oscar to brake so early.,analysis,Deconstructs Verstappen T1 move: slipstream intent + Piastri brake error + Russell reaction chain
It was an amazing race!! lots of overtakes and interesting moments maybe not as exciting as qualifying but still great!,reaction,Short enthusiastic post-race endorsement; no argument
I think if these red bull upgrades end up working at most tracks then McLaren will definitely have to start thinking about picking a number 1. The Spain TD is crucial,hot_take,Conditional future prediction with no pace data or track-by-track analysis to support
The same if they give 10 sec penalty when he is already last. Penalty rarely are beneficial for the offended party. Same on other sports. You can injure a player and only get a yellow card. That's the sport.,hot_take,Cross-sport analogy used to dismiss penalty criticism; assertive with no F1-specific evidence
Leclerc should've copped a penalty for pushing him off. Giving the place back didn't matter as it was P4 that he robbed Albon of not P5.,hot_take,Borderline — angry reaction to stewarding but structured position claim about P4 vs P5 distinction
Didnt Max just break a GT3 record within 3 laps and a less ideal setup? People talk as if Max made the car what it is. He would just as easily adapt to another car. Max is the best driver since Schumi. Lewis never had to struggle with his car. The moment the car was not the fastest on the grid he lost all chances of a WDC.,hot_take,GT3 test record used decoratively; Lewis claim is bold with no data; assertive
Quick Note Landos tyres can be considered new. They did a single out/in lap for an aero experiment. The pace was quite similar and i do believe that McLaren would have won with track position. But there really isnt anything in that race that suggested either McLaren was faster in any relevant way at any stage.,analysis,Uses aero-run context to qualify Norris tyre newness; nuanced pace-gap assessment with specific evidence
Oscar choosing to cover George rather than Max wasn't as silly as it looks. In Miami Bahrain and China Merc were probably faster or at least very close with Red Bull so Piastri may have expected similar performance in Imola.,analysis,Uses three named GPs as comparative pace context to defend Piastri's T1 decision
Qualifying has always been about the ultimate fastest car and driver on the edge and who's willing to go all out. Having to chill out through a fast lap because your tyres might be totally dead before sector 3 isn't what qualifying is about.,hot_take,Philosophical claim about qualifying character; no evidence of tyre behaviour or historical comparison
Alex Albon is putting together his best season ever. Amazing consistency and was hard done to not finish 4th today.,reaction,Enthusiastic post-Imola reaction to Albon's performance; no structured argument
Isack Hadjar was again the other midfield standout. He's had great qualifying pace all season but he's started to show an incredible learning curve on race pace. That 2nd Red Bull seat is his to lose for 2026.,hot_take,Bold seat prediction; pattern observed but no data quantifying learning curve improvement
McLaren really screwed Oscar with strategy today. Even without the slow stop It was so obvious that he would have to deal with traffic from drivers going long. The undercut wasn't on and they should have done what Max and Lando were doing.,analysis,Argues undercut logic with reference to pitting-into-traffic risk and compares to teammate/competitor strategies
I found that the commentary this weekend also lacked a bit of awareness and insight. Stuff like analysis of lap 1 turn 1 and the VSC/safety cars. More basic and reactive than analytical/explanatory. I found Bernie to be terrible when she started out but I think she's adapted well and grown into the job to the point where she really adds value.,hot_take,Subjective commentary quality assessment; no specific examples cited; opinion stated as fact
Hamilton would've caught him. And on same age tyres Piastri and Leclerc would've been ahead I think so it was the right call. Alex on his post race chat with F1TV said that he was greedy thinking of P3 and that he could've been patient with Leclerc. Still can't believe we are seeing him fight at the front.,reaction,Post-race comment expressing surprise at Albon's front-of-midfield pace; includes driver's own post-race quote
Yeah cool to see that michael was already looking up to this little toddler that early on. He probably felt the presence of the GOAT already.,hot_take,Sarcastic/ironic comment about Schumacher recognizing young Max; no evidence; comedic trash-talk
I see this in other sports as well. For example I love basketball but as soon as the GOAT discussion comes up it's time to walk away. People on either side convinced it's Jordan or LeBron. My view is they were both absolutely amazing and would go toe to toe with each other in any rules era.,hot_take,Cross-sport GOAT comparison without F1 evidence; personal view only
Hes done very well BUT the difference in luck between him and Sainz has been unbelievable if you watched the races and not only just look at the results. Sainz is already up to speed with him after just a few races they should be far far closer in results.,hot_take,Bold luck-vs-results claim without quantifying the luck events or the actual gap
That's for Imola at least for the foreseeable future. Ended on a high. I'm going to miss it. Yes it's too narrow and there's only one real overtaking spot and the pitlane is way too long. But it's a great flowing track in a lovely setting and the fans are always excellent.,reaction,Emotional farewell to Imola after last race; expressive opinion not an argument
Agree on the mediums and yes the McLarens are clearly the better cars. That was just top-tier racecraft from Verstappen establishing his lead aggressively from the start doing what he does best.,reaction,Post-Imola appreciative comment about Verstappen's racecraft; subjective label without statistical backing
I believe that was only mentioned in the context of having the fastest car OP was saying that McLaren has found ways not to win a bunch of races despite having the fastest car. In this case driver error impacted qualifying.,analysis,Addresses the framing of the argument about McLaren fastest-car claims; logical re-contextualization
If Yuki as a Honda-powered and sponsored driver chose to set the fastest lap to help fellow Honda-powered driver Max I'd be 100% in support of that. Same with Daniel doing it to help his friend Max. The team ownership situation complicates it and makes it easy to criticize unfortunately.,hot_take,Borderline — personal position on team loyalty ethics; assertive without building a structured argument from evidence
Piastri is not that great yet on tire management. But his weakness has a couple times now been managing his tires in a more tactical race. He will improve Norris had that at the beginning too and he's literally flying at the moment.,hot_take,Pattern observation without lap-data backing; bold development prediction
No one's saying Albon was in a Williams then. The point is that Albon has been crashed out preventing his first race win and he was resilient enough to get over that. You can see in his post-race interview that he's pleased with the pace of the car and his result. He knows he could even start fighting for podiums at this rate.,hot_take,Uses interview quote but conclusion (podium-fighting) is speculative; decorative evidence
Why Piastri did not catch Verstappen as the McLaren was so much faster as the Redbull as we saw in case of Lando?,analysis,Poses analytical question about pace delta inconsistency between teammates in same car
He was gaining on him towards the very end of the race because Lando was caught up in traffic.,analysis,Attributes Max pace gain to traffic-impeding Lando rather than raw pace difference
Saying this as a huge Danny fan: He got exposed as a somewhat one-dimensional driver. When he's in a snappy car with tons of oversteer he is terrifying but the McLaren was understeery and he couldn't adapt. Then the regulation change happened.,analysis,Combines driver preference profile with regulation-change impact on car characteristics
Leclerc forcing Alex Albon off track — no penalty. Stewards were fucking useless at Imola. Giving the place back didn't matter as it was P4 that he robbed Albon of.,reaction,Immediate angry post-incident reaction to stewarding decision at Imola; expressive with clear event trigger
Max is very much in the title fight. Red Bull's upgrades appear to have unlocked race pace and his move into T1 was something I don't think anyone else could have pulled off. If the Spain rule change pegs McLaren back even a bit Oscar's lead isn't going to be enough and we're looking at 5 in a row.,hot_take,Bold 5-in-a-row prediction conditional on Spain TD; upgrade characterization is subjective not data-driven
Fantastic recovery by Ferrari today. Great strategy calls and decent race pace suggests things weren't perhaps as dire as they looked yesterday.,reaction,Post-race emotional positive reaction to Ferrari at Imola; no lap data cited
Lando often drops multiple places on his starts of his own accord. If what happened yesterday happened to Lando I dont think anybody would mind. It was a monster of a move.,hot_take,Consistency claim about Norris starts and double-standard argument; no qualifying data cited
Hes done very well BUT the difference in luck between him and Sainz has been unbelievable if you watched the races and not only just look at the results.,hot_take,Claims luck disparity without identifying specific events or quantifying luck impact
I agree that it would be better and simpler if Red Bull sold off Vcarb as it would at least make the situation look less muddy from the outside even though it seems they're doing everything correct. HAAS and Ferrari as well as Williams and Mercedes have had a very similar overall relationship for a long time now.,analysis,Uses structural team-customer comparison to argue Red Bull/VCARB optics vs legality
Oscar is doing great on the whole for a second season but still has some slightly off weekends. Yeah he was stuck behind because he under qualified both races. He also couldn't make the overtake in Zandvoort against Charles whereas Lando did make the crucial overtake against Max.,analysis,Specific Zandvoort overtake contrast used as load-bearing evidence for comparative driver assessment
Max's move was awesome i didn't even see it coming until he already almost passed oscar.,reaction,Pure in-the-moment excitement about T1 move at Imola 2025
I honestly believe the kid is gonna be a WDC within 5 years. But his weakness has a couple times now been managing his tires in a more tactical race.,hot_take,5-year WDC prediction is speculative; tyre weakness observation without race-specific data
That's all for Imola at least for the foreseeable future. I'm going to miss it. Yes it's too narrow and there's only one real overtaking spot and the pitlane is way too long. But it's a great flowing track in a lovely setting and the fans are always excellent. Can't wait to find out which petrodome or street circuit will replace it.,reaction,Emotional farewell reaction to Imola removal from calendar; expressive nostalgia
GOAT candidate. This man is not dropping seven races in a row to Nico Rosberg. Lewis never had to struggle with his car.,hot_take,Historical comparison (2016 Rosberg run) used as hot take about Hamilton; no statistical depth
Qualifying has always been about the ultimate fastest car and driver on the edge and who's willing to go all out. Having to chill out through a fast lap because your tyres might be totally dead before sector 3 isn't what qualifying is about.,hot_take,Strong claim about qualifying character without tyre data or compound analysis
I see this in other sports as well. My view is they were both absolutely amazing and would go toe to toe with each other in any rules era. I guess the fact that I watched both in their prime helps.,hot_take,Cross-sport GOAT analogy; purely opinion-based
Alex Albon is putting together his best season ever. Amazing consistency and was hard done to not finish 4th today. That 2nd Red Bull seat is his to lose for 2026.,hot_take,Borderline — performance assessment feels analytical but no data; future prediction is speculative
Max nailed this win with that stonking start. He also got fortunate with the timing of the VSC.,reaction,Brief enthusiastic Imola race reaction; VSC luck acknowledged but no analysis built around it
Agree on the mediums and yes the McLarens are clearly the better cars. That was just top-tier racecraft from Verstappen establishing his lead aggressively from the start.,reaction,Post-race appreciation of Max's Imola drive; emotional label without evidence
It was a great flowing track in a lovely setting and the fans are always excellent. Can't wait to find out which petrodome or street circuit will replace it. If we got Istanbul back it wouldn't be so bad.,reaction,Nostalgic emotional reaction to Imola's removal; opinionated about calendar quality
Ricciardos career is still so odd and I wouldve never bet on Hulk outlasting him. His 2020 season was absolutely brilliant one of his best and then he gets into the Mclaren and hes not good? He was expected to be their nr1 driver to lead the team with young Norris developing in the meantime and yet he was behind. Ok so maybe the car didnt suit him but next season had new regulations new cars new chances and hes even worse? He got absolutely squashed by Norris so much so that they terminated his contract before its original end.,analysis,Systematic year-by-year reconstruction of Ricciardo's McLaren decline; uses contract termination and performance comparisons as evidence
McLaren were definitely second best today both in speed and strategy. The WDC is certainly open at the moment and we have three contenders who are giving it their all.,hot_take,Borderline — broad pace summary after Imola without lap time evidence; confident WDC framing
Ferrari were quite lucky with LEC finishing 6th. The strategy was questionable especially the early first stop and not stopping during the SC at the end. HAM 4th was much more deserving strategy wise.,analysis,Compares Ferrari and Hamilton strategies with outcome-based verdict; HAM vs LEC comparison is evidence-grounded
Williams did not do too badly but will be thinking that they could have done better. Same with Mercedes.,hot_take,Vague performance assessment without any specific data or strategy details
TSU was one of only two drivers who actually did a 1 stop and was rewarded with 10th while starting in the pit lane. The other driver to one stop was HUL who finished 12th.,analysis,Names Tsunoda and Hulkenberg as specific 1-stop outliers with results; factual pattern identification
Aston Martin had a very good qualifying but the strategy calls were abysmal. Wrong at every turn. Wrong at every turn.,analysis,Specific characterization of Aston Martin strategy vs qualifying pace; multi-phase strategy critique
He was such a brilliant driver up until his Mclaren stint in 2021. And I have no idea what happened.,hot_take,Borderline — career observation with unclear cause; short and assertive without technical reasoning
Miami is garbage. That things just happened to line up to provide some action last race doesn't change the fact that it's just one big DRS gimmick. Same with Vegas but that track has managed to end up with everyone being all over the place twice in a row so I give it the benefit of a doubt for now.,hot_take,Bold circuit quality claim with no lap time or overtake data; personal preference stated as fact
Jeddah I never understood what people see what I don't each race there has been average at best and that by far doesn't outweigh it being yet another street circuit. Baku also hasn't really delivered for a while other than late SC chaos.,hot_take,Track quality judgements without race data; SC chaos as sole evidence for Baku
I fell in love with the sport because of those amazing circuits true circuits and races like Imola. Heck one of my earliest memories is an amazing race at Imola of all places. Those circuits give way more room for alternating strategies ballsy overtakes sudden surprises in the race and fights that go on for lap after lap for multiple corners.,reaction,Nostalgic personal reaction to Imola's removal from calendar; expressive emotional appeal with no data
This is all true so I upvoted but without Ferrari and Mercedes we would be looking at this season through orange glasses and I'm not talking about the Dutch side. They are attacking the champions with 2 other world class teams at their heals.,hot_take,Bold claim about championship narrative without standings data; counter-argument without evidence
Piastri is not that great yet on tire management. He will improve Norris had that at the beginning too and he's literally flying at the moment.,hot_take,Comparative developmental claim about two drivers without race-specific tyre data
Max is the best driver since Schumi. Lewis never had to struggle with his car. The moment the car was not the fastest on the grid he lost all chances of a WDC.,hot_take,Comparative GOAT claim about Max vs Lewis; Hamilton tyre/car accusation with no data
I'm going to miss it. Yes it's too narrow and there's only one real overtaking spot and the pitlane is way too long. But it's a great flowing track in a lovely setting.,reaction,Emotional reaction to Imola calendar removal; acknowledges circuit flaws but expresses nostalgia
Fantastic recovery by Ferrari today. Great strategy calls and decent race pace suggests things weren't perhaps as dire as they looked yesterday. Next year will be the year (tm).,reaction,Post-Imola emotional positive reaction to Ferrari recovery; ironic 'next year will be the year' meme
McLaren have been the fastest at certain tracks that's not an exaggeration. Yesterday felt like the first time all season Max actually seemed to have really good pace looking comfortable in the lead.,hot_take,Pattern claim about track-specific McLaren dominance without lap time data; assertion style
Piastri is not that great yet on tire management. I honestly believe the kid is gonna be a WDC within 5 years.,hot_take,Bold WDC projection with no championship math or car development evidence
The better McLaren driver on the day finished ahead. Playing down Lando's race while simultaneously putting all the blame on McLaren for something he has to take a large share of the responsibility for is very disingenuous.,analysis,Systematic comparison of both McLaren drivers' races to argue who drove better; uses specific race events
Oscar screwed up and lost his lead into turn 1 with some poor defence. He then chewed up his tyres in the first stint which forced McLaren to have to switch up his strategy from the planned one-stop to a two-stop.,analysis,Causal chain: poor T1 defence leads to tyre chewing leads to strategy change; logical and sequential
He even tried to claim after the race that Lando had benefitted from the VSC which was entirely untrue.,analysis,Fact-checks Piastri's post-race claim about Norris and VSC timing; evidence-based rebuttal
The tyre behaviour... I still question the usage of bringing in the C6s but it did create for more entertainment than I imagined Imola would ever bring.,analysis,Borderline — compound selection questioned but without lap time analysis; entertainment observation
That's what pretty much the current rules somewhat enable though. It wasn't exactly clear whose corner was and the driver on the inside line at this point can basically shove the other driver off track with the rules blessing.,analysis,Explains rule interpretation governing inside-line rights; argument about regulatory framework enabling the incident
Luck is a part of the race. A driver can execute brilliant races but luck helps to seal the deal and cement the position. It is par for the course.,hot_take,Philosophical point about luck in racing; true but asserted without evidence
The tyre behaviour this weekend really surprised me with the C6 compound. Teams who hung on past lap 30 on mediums saw a second wind they clearly didn't expect.,analysis,Borderline analysis — observational pattern about C6 second-wind behaviour without lap times; reasonable inference
Lando winning the race wouldve given him a net 10 point benefit instead of the 3 point one he got. It is not in Oscars interest to let Lando win.,analysis,Championship gap arithmetic is load-bearing here; 10 vs 3 point differential drives the conclusion
What Oscar did yesterday is the right move lando winning the race wouldve given him a net 10 point benefit instead of the 3 point one he got.,analysis,Championship math used to justify Oscar not letting Lando by; specific point swing calculation
Merc went full party mode on their engine during Brazil Qatar and AD that RB wasn't even close.,analysis,Uses three named 2021 races and engine mode context as evidence against RB car-speed claim
Piastri went on radio and affirmed to the McLaren pitwall that a one-stop strategy was too ambitious and pitted to change tyres. One slow stop later he had to climb through the field once more. Had he carried on with the pace he was on he would have fallen behind the field immensely and it'll be a lot harder to climb up to podium places.,analysis,Uses driver radio and pace projection to justify early pit decision
He really did lose a lot of time to Verstappen prior to his first stop. He started to lose around/over 0.5s per lap in the last few laps which prompted McLaren to act quickly before he hemorrhaged more than a couple of seconds. Had he tried to keep out as long as Norris and Verstappen in his first stint he would've never made the podium due to the drop off in pace on the Mediums being too dramatic. He likely suffered from much more graining than the other two.,analysis,Quantified pace loss per lap (0.5s) used to justify early pit; graining hypothesis as mechanical explanation
Imola was a much better race than I expected at the start of the weekend. First of all hats off to Pirelli. The tyres actually made this weekend interesting. There was doubt between a one and a two stop. I'm actually sad that Imola is going to disappear from the calendar next season. After four races Pirelli finally seems to have found the right compound mix.,reaction,Post-race appreciative emotional reaction to Imola 2025 quality; no structured argument
I don't really understand what McLaren did with Oscars strategy. McLaren couldn't really pit Lando before Oscar because he had already been undercut by Charles. Maybe they just panicked with the undercut from Charles being rather powerful but Max and Oscar had like a 10s gap to Charles. They could've waited a little longer.,analysis,Uses the 10s gap to Charles as concrete evidence that McLaren had no urgency to pit Oscar early
Red Bull being closer to the McLaren is a lot more fun to watch for the remainder of the season. It seemed like they actually had a race pace advantage and they didn't go through their tyres too quickly. I wonder if that's the track or if the new upgrades that they brought also played a part in that.,analysis,Distinguishes track characteristic from upgrade effect as competing explanations for Red Bull pace
If redbull is truly competitive in upcoming tracks mclaren will be in a lot of trouble and a lot of questions will be asked on team order and who will they sacrifice if both drivers have equal points midway,hot_take,Conditional prediction about team orders with no championship math or track-by-track analysis
If i was alex albon i think i would go insane drive of a lifetime only to be thrown away by charles,reaction,Emotional empathy reaction to Albon's Imola incident with Leclerc; expressive identification
A prime example why we need most races if not all to have multiple pit stops. You shuffle the starting order you get split strategies getting lucky or unlucky with a Safety Car you get passes very late. It really made for an enjoyable race compared to last year.,hot_take,Advocates mandatory multi-stop rule as a bold claim without analysis of rule complexity or other track types
BTW here's a blow by blow: We are off to a great start with a superb overtake of PIA by VER. Around lap 10 is where it starts to unravel. GAS and LEC pit on end of lap 10. GAS is understandable LEC is not. He has just said he is happy with his tyres but the pit wall calls him in anyways.,analysis,Lap-by-lap reconstruction of Imola strategy unravel; specific lap numbers used as anchoring evidence
RUS and SAI pit on end of lap 11 to cover off the LEC undercut but LEC comes out ahead of both as the undercut is very powerful here. ALO pits on end of lap 12 comes out behind SAI. PIA pits end of lap 13 as he thinks it's going to be a two stopper comes out comfortably ahead of LEC.,analysis,Precise lap-sequenced pit timing showing undercut power; specific position outcomes per driver
By lap 22 it's clear that the early stoppers have misread the situation and one stop will be the dominant strategy. PIA goes on an overtaking streak and is back up to 4th in the same time LEC has climbed to 8th.,analysis,Identifies lap 22 as the strategic turning point; pairs driver positions with lap count
NOR pits and VSC hits moments later as OCO stops. VER ALB HAD ANT HAM pick up a cheap first pitstop while LEC RUS SAI and PIA stop for a second time. At the end of the VSC VER commands a lead of 27.5 over NOR who is 8 ahead of ALB while PIA is behind him by 8.7.,analysis,Uses precise VSC timing and gap figures (27.5s 8s 8.7s) to explain post-VSC field order
Ricciardo overall won 4 races to Verstappen's 5 the entire time they were teammates as well as beating him 2-0 in seasons and leading him 118-105 in points 2-1 in wins and 1-0 in poles by the time he made his announcement he was leaving after 2018 Hungarian Grand Prix. Literal proof that another driver not called Max Verstappen was more than capable of performing in that car.,analysis,Uses specific head-to-head statistics (wins points poles seasons) as load-bearing evidence for car-quality argument
Hamilton could only dream of having the special treatment Verstappen has today instead of facing the likes of Alonso Rosberg and JB in teams that went well out of their way to make sure they were always competitive along with Hamilton instead of just building everything only around Hamilton.,hot_take,Comparative treatment claim between Hamilton and Verstappen without structural evidence; assertion-framing
Lewis Hamilton winning Silverstone on three fucking wheels Max had pitted for fastest lap and then started setting purple mini-sectors as he chased down Lewis. Amazingly Lewis' final lap still was quicker than Pole Position for the Porsche Cup.,reaction,Visceral reaction to iconic Hamilton 2020 Silverstone moment; emotional recollection of specific event
Grosjean's car crashing smashing in half and bursting into flames yet he jumps out and lives to tell the tale.,reaction,Immediate emotional reaction to Grosjean's 2020 Bahrain crash; expressive retelling of specific terrifying event
W11 breaking multiple track records my favourite was Bottas in Silverstone Q2 on a set of goddamn mediums. Seeing it go properly flat through corners in the Hungaroring when other cars lifted was incredible.,reaction,Fan reaction to dominant W11 performance moments; expressive awe at specific qualifying feats
Stroll got Pole in Turkey and was leading for a good chunk until Lewis put in a blitzing effort to win and seal a 7th title.,reaction,Excited recounting of 2020 Turkish GP dramatic pole and Hamilton's title; specific event reaction
Okay incredible and we're all lucky to have witnessed that kind of driving but does this mean the Red Bull engineering team feels like they get a pass? Like 'see? It's a pole position car!' It just feels like Miracle Max is saving jobs every week and making his own life and Yuki's harder.,hot_take,Questions engineering accountability after Max pole; no technical data on RB car weaknesses; speculative
That was with the yellow S3 I think he matches pole position with a proper lap. It's incredible to see how much faster these cars have gotten given how far we are in these regulations and diminishing returns. Ferrari and likely all other teams probably still have left out a lot of performance.,analysis,Uses yellow-flag S3 context to qualify lap validity; diminishing-returns regulation argument is structured reasoning
Really? I found 2020 to be a brilliant season just lacking in a title fight. You're surely forgetting so much wild stuff: So many DNFs in race 1 including Hamilton hitting Albon again. W11 breaking multiple track records. Norris maiden Podium. And Max's win at Abu Dhabi in 2020 when we all expected Mercedes to run away proved to be a very foreshadowing precursor to the legendary 2021 season.,analysis,Historical argument using multiple named 2020 events to rebut claim that the season was uneventful
Mentioning the amount of races Hamilton's teammates won is kinda funny when Danny Ric was out there proving beyond a shadow of doubt that any driver not just Verstappen can excel in the Red Bull when they are actually supported by the team compared to the farce we see today where the second Red Bull driver is clearly given a pile of junk.,hot_take,Bold parity claim between Hamilton and Verstappen's team treatment; Ricciardo evidence used but argument over-extended
It is too early for this but Marko's comments did sound really positive. In reality compared to last year's race Red Bull have progressed and for the first time since I don't know when they had pace on all compounds and had better degradation compared to McLaren. However basically everything ran in their favour — clean air since lap 1 is not to be underestimated.,analysis,Appropriately hedges pace conclusion by citing confounding factor (clean air from lap 1); structured reasoning
We have at least 3-4 races like this in the following 6-7 ones in order to be able to validate their progress.,analysis,Borederline — calls for sample-size before drawing conclusions; analytical mindset even if imprecise
Yeah at the time it seemed like they were reacting to Leclerc and Piastri did say it felt like his tyres were starting to go off. I don't think it was obvious then how things would play out. Sainz had pitted early and when he heard what lap times Albon was still doing said it looked like a one-stop so obviously before then it looked more like a two-stop.,analysis,Uses Sainz radio communication and Albon lap times as contemporaneous evidence to justify McLaren's decision under uncertainty
It has happened before where the tyres feel like they're going off but then start to come back so I think maybe some of the early-pitters were fooled by this.,analysis,Tyre behaviour pattern (apparent degradation then recovery) used to explain strategic error; mechanical reasoning
Lewis Hamilton winning Silverstone on three wheels is one of the most iconic moments in F1 history. Max had pitted for fastest lap and then started setting purple mini-sectors as he chased down Lewis and still couldn't catch him.,reaction,Fan reaction to iconic 2020 Silverstone moment; emotional tribute to specific historic event
This season is going to be different and it's Ferrari vs McLaren for pole! And it's the home hero who for the third time sets the pole lap in Monaco! Charles Leclerc is on pole!,reaction,Excited fictional/alternative-timeline fan narration of Leclerc Monaco pole; pure expressive reaction
And from the restart the race is unfortunately without much action but the result is worth it for Charles Leclerc who takes the third win of his career and the first at his home race!!!,reaction,Emotional narration of Leclerc Monaco win; exclamation marks signal reaction framing
The die seems to be cast for the end of the race and a VER victory. But on lap 46 ANT puts out a yellow flag with an engine problem. Suddenly we have a safety car and it's game on again.,reaction,Dramatic real-time narration of SC moment at Imola 2025; expressive shift in race mood
VER is the first to pit and rejoins in the lead as he has an 18s buffer to NOR who follows him in. PIA and ALB stay out. HAM comes in and so does HAD but LEC stays out. This will prove a bit costly for Ferrari.,analysis,SC window analysis: specific gap cited (18s) explains why Verstappen boxes first; Ferrari decision critiqued
Predictably ALO and STR slide backwards to 13th and 14th. PIA overtakes ALB for 3rd. NOR closes the gap to VER to 18 and holds there for a while.,analysis,Predictive strategy logic validated by race result; tyre-age penalty explicitly framed
HAM and LEC are 5th and 6th ANT and RUS are 8th and 9th with HAD on 7th and SAI on 10th. The die seems cast.,analysis,Post-SC position accounting; leads into endgame analysis with driver-by-driver precision
The new DRS zone length made a huge difference to overtaking. Credit to Pirelli for the right compound selection here which actually brought some strategy jeopardy to the weekend.,analysis,Attributes observable overtaking increase to DRS zone change and compound selection; specific causal claims
Max is very much in the title fight. His move into T1 was something I don't think anyone else could have pulled off. If the Spain rule change pegs McLaren back even a bit Oscar's lead isn't going to be enough and we're looking at 5 in a row.,hot_take,Bold 5-title prediction conditional on Spain TD; no lap time evidence for upgrade impact
McLaren really screwed Oscar with strategy today. The undercut wasn't on and they should have done what Max and Lando were doing. He's their best shot at a WDC this season and they can't afford avoidable slip-ups against a machine like Max and Red Bull.,hot_take,Strategy criticism is assertive; 'best shot' claim about Oscar is stated without championship-math backup
Alex Albon is putting together his best season ever. Amazing consistency and was hard done to not finish 4th today.,reaction,Emotional endorsement of Albon's Imola weekend; expressive not analytical
Isack Hadjar was again the other midfield standout. He's had great qualifying pace all season but he's started to show an incredible learning curve on race pace. That 2nd Red Bull seat is his to lose for 2026.,hot_take,Bold 2026 seat prediction; learning curve asserted without qualifying/race time delta data
He really did lose a lot of time to Verstappen prior to his first stop. He started to lose around/over 0.5s per lap in the last few laps which prompted McLaren to act. Had he tried to keep out as long as Norris and Verstappen he would've never made the podium.,analysis,0.5s per lap loss quantified; pit timing justified by pace trajectory projection
Leclerc gets away well while Sainz gets a puncture behind! But this is nullified by the huge crash on the run up the hill as Perez is turned around by Magnussen in a monster accident that also collects Hulkenberg. And at Portier Ocon collides with team mate Gasly and the red flag now flies!,reaction,Excited blow-by-blow race narration of Monaco 2024 opening lap chaos; event-driven expressive
It's too narrow and there's only one real overtaking spot and the pitlane is way too long. But it's a great flowing track in a lovely setting and the fans are always excellent. Can't wait to find out which petrodome or street circuit will replace it.,reaction,Bittersweet farewell to Imola; emotional preference statement not a structured argument
McLaren couldn't really pit Lando before Oscar because he had already been undercut by Charles. Maybe they just panicked with the undercut from Charles being rather powerful but Max and Oscar had like a 10s gap to Charles. They could've waited a little longer.,analysis,Specific 10s gap used as evidence that undercut urgency was overstated; logical McLaren strategy critique
After that Oscar was unlucky with the timing of the VSC/SC. The first gave Max a nice pitstop window and the second Oscar didn't have any new tyres left to put on the car. I will add that Max also could've just done a normal stop and have around a 4s margin to get out ahead of Oscar in fresh air.,analysis,VSC/SC timing asymmetry explained with 4s margin figure; precise counterfactual reasoning about Max pit alternatives
Hadjar is still the most impressive rookie this season for me. Helmut has always spoken highly of him when he was in the junior categories and so far it looks like Helmut was right.,hot_take,Subjective 'most impressive rookie' claim; Marko's endorsement cited decoratively not as analytical evidence
Williams once again with a great weekend. I'm not completely certain yet but it seems like we can put Williams into a top 5 team discussion. They seem to be quite close with Ferrari and Mercedes and Red Bull depending on the track.,analysis,Hedges Williams top-5 claim appropriately; track-dependence qualifier adds analytical integrity
Speaking of Red Bull it seemed like they actually had a race pace advantage and they didn't go through their tyres too quickly. I wonder if that's the track or if the new upgrades that they brought also played a part in that.,analysis,Distinguishes track characteristic from upgrade as competing explanations; genuine analytical uncertainty expressed
I agree that Red Bull should sell off VCARB as it would at least make the situation look less muddy from the outside. HAAS and Ferrari as well as Williams and Mercedes have had a very similar overall relationship for a long time now but it at least looks better because of the ownership.,analysis,Structural ownership comparison used to separate optics from legality of team relationships
Young Hamilton emulated young Senna by facing the benchmark champion Alonso for a title in the same car like Senna faced Prost. From 2009-2013 he was still regarded as the most exciting wheel-to-wheel racer in the sport as well as a GOAT level qualifier but new fans have no clue.,hot_take,Senna-Hamilton comparison is a bold historical analogy; no lap-data or specific race evidence; 'new fans have no clue' is assertive framing
He could have easily won probably 30 more races over his whole career without general bad luck incompetence from his teams and his teammates being given superior strategies.,hot_take,Counterfactual claim about 30 extra wins with no race-level evidence for teammate strategy bias
The change to Pirelli tyres took away his greatest attributes while DRS made it easier for everyone to overtake when he was the best overtaker beforehand yet he adapted and still ended up dominating the sport.,analysis,Causal argument linking rule changes (Pirelli tyres DRS) to driver attribute obsolescence then adaptation; structured claim
Bottas in Silverstone Q2 on a set of goddamn mediums. Seeing it go properly flat through corners in the Hungaroring when other cars lifted was incredible.,reaction,Fan exclamation about W11 flat-through-corners moment in 2020; pure expressive reaction to specific observable event
Max ignoring his engineer's suggestion to not try to fight at Silverstone 2 which let him get that amazing win.,reaction,Reaction to Max's Silverstone 2020 bold strategy call; expressive appreciation of specific incident
Lewis Hamilton winning Silverstone on three wheels Max had pitted for fastest lap and then started setting purple mini-sectors as he chased down Lewis. Lewis' final lap still was quicker than Pole Position for the Porsche Cup.,reaction,Emotional recounting of iconic 2020 Silverstone moment; specific performance data (faster than Porsche Cup pole) adds texture but framing is expressive
That's where the recency bias might kick in for me. I know Schummy was also extraordinary but I as watched Max's practices week in and out and saw his onboards and telemetries I might lean towards him. Although honestly if Max wins WEC or LeMans that will put him ahead as a legend in my book.,hot_take,Personal GOAT lean based on watching telemetry; WEC/LeMans speculative prediction; no comparative statistics
Leclerc who takes the third win of his career and the first at his home race!!! Piastri gets second and his first podium in Formula One! While Sainz gets third place in his traditional consistent style.,reaction,Excited narration of Monaco result outcomes; exclamation marks throughout; pure celebratory reaction framing
Norris is fourth while Mercedes and Red Bull concede they both have work to do. Another feel good story is Yuki Tsunoda getting a P8 the best result of his entire career!,reaction,Post-race wrap-up with emotional 'feel good story' framing for Tsunoda result
And when we get to Q3 even Verstappen is struggling and he can only manage 6th sandwiched by the two Mercedes. This season is going to be different and it's Ferrari vs McLaren for pole!,reaction,Excited surprise reaction to Verstappen Q3 struggle in Monaco qualifying; expressive prediction
He started to lose around/over 0.5s per lap in the last few laps which prompted McLaren to act quickly before he hemorrhaged more than a couple of seconds. At that point he was simply snookered by being forced to stop early.,analysis,Piastri's medium tyre pace loss quantified at 0.5s/lap; snookered = forced hand analysis
At the time it seemed like they were reacting to Leclerc and Piastri did say it felt like his tyres were starting to go off. I don't think it was obvious then how things would play out.,analysis,Reconstructs decision under uncertainty using driver radio feedback; acknowledges hindsight problem
Sainz had pitted early and when he heard what lap times Albon was still doing said it looked like a one-stop. So obviously before then it looked more like a two-stop. It has happened before where the tyres feel like they're going off but then start to come back.,analysis,Uses Albon's lap times as the market signal that changed Sainz's (and teams') belief about strategy; tyre-recovery pattern as mechanical context
If i was alex albon i think i would go insane drive of a lifetime only to be thrown away by charles,reaction,Empathetic emotional reaction to Albon Imola incident; event-triggered and expressive
Oscar was unlucky with the timing of the VSC/SC. The first gave Max a nice pitstop window and the second Oscar didn't have any new tyres left to put on the car.,analysis,VSC-timing asymmetry between Max and Oscar used as factual explanation for result gap; structurally sound
I hope it's the last part because Red Bull being closer to the McLaren is a lot more fun to watch for the remainder of the season.,reaction,Expressive hope about championship competitiveness; wishful not analytical
Okay incredible and we're all lucky to have witnessed that kind of driving. But does this mean the Red Bull engineering team feels like they get a pass? It just feels like Miracle Max is saving jobs every week.,hot_take,Implied critique of RB engineering accountability; speculative about team dynamics without evidence
I'm actually sad that Imola is going to disappear from the calendar next season.,reaction,Emotional expression of disappointment about Imola calendar removal; pure sentiment
And from the restart the race is unfortunately without much action but the result is worth it for Charles Leclerc who takes the third win of his career and the first at his home race!!!,reaction,Celebratory reaction narration of Leclerc's Monaco win; exclamations confirm emotional register
Leclerc's win will worry Sainz as Fred Vasseur ponders if it would actually be better to keep Charles over Carlos as the team decides who Hamilton's 2025 team mate will be.,hot_take,Bold prediction about Ferrari driver selection based on single race result; no contract or performance data
I don't really understand what McLaren did with Oscars strategy. I've seen people comment that he went through his tyres too quickly but he wasn't really much slower than Max or Lando at the time that he pitted.,analysis,Questions received wisdom about Oscar's tyre state using pace comparison at time of pit; challenges narrative with logic
Maybe they just panicked with the undercut from Charles being rather powerful but Max and Oscar had like a 10s gap to Charles. They could've waited a little longer.,analysis,Uses 10s gap datum to argue patience was available; undercut-panic hypothesis
After that Oscar was unlucky with the timing of the VSC/SC. The first gave Max a nice pitstop window and the second Oscar didn't have any new tyres left to put on the car.,analysis,Structural VSC/SC timing asymmetry argument; explains result gap through luck not skill
Max also could've just done a normal stop and have around a 4s margin to get out ahead of Oscar in fresh air.,analysis,Specific 4s counterfactual margin cited; adds depth to VSC window analysis
I reckon this race was the turning point for Max and Red Bull. I think he would have shook Piastri a bit and he will be leading the championship soon enough.,hot_take,Bold post-Imola prediction about championship lead with no points math or upcoming track analysis
The Pirelli compound selection finally gave teams a genuine one-vs-two stop strategic dilemma at Imola. The C6 soft meant Q2 and Q3 times were set on different compounds creating real grid variance going into the race.,analysis,Explains how compound availability in qualifying created genuine strategic uncertainty in the race; load-bearing technical reasoning
Oscar's T1 defence was always going to be compromised the moment Russell got such a clean launch. You can't cover Max on the inside and keep George honest on the outside simultaneously from pole — he had to pick one.,analysis,Geometric argument about two-direction defence from pole; explains why Piastri's error was structurally forced not just a mistake
Norris managed his mediums to lap 29 on a one-stop while still running within a tenth of Verstappen's pace for extended stretches. That's the part people glossed over — tyre management at those laptimes is extremely difficult.,analysis,Specific strategy length (lap 29) combined with pace claim (within a tenth) as dual evidence for Norris race quality
Ferrari's decision not to stop under the Safety Car for Leclerc when they had the chance left him on 40-lap-old tyres for the final stint. Hamilton on fresh hards caught and passed him in three laps.,analysis,Specific tyre age (40 laps) and stint length (three laps to pass) as load-bearing evidence for Ferrari SC strategy error
Red Bull have won more races from outside the front row this season than any other team. That suggests their race pace is stronger relative to qualifying pace — which is exactly what you need at tracks where overtaking is possible.,analysis,Statistical pattern (front-row vs non-front-row wins) used to infer pace characteristic relative to qualifying; analytical framing
This was supposed to be the era where the cars could actually follow each other. Through Imola's Acque Minerali complex Max was within a second of Oscar for six consecutive laps and couldn't get close enough for DRS.,analysis,Uses specific complex name and six-lap pursuit duration to show ground-effect cars still struggle in dirty air; evidence-grounded regulation critique
Tsunoda qualified P17 after going into the barriers and still managed P10 from the pit lane on a one-stop. That's a serious points haul from what could have been zero.,reaction,Impressed post-Imola reaction to Tsunoda's points recovery; expressive appreciation of specific quali/race contrast
Albon was genuinely in podium contention before Leclerc pushed him wide in the final chicane. He'd been running P4 for nearly 20 laps on fresher tyres than everyone around him.,analysis,Uses 20-lap stint data and tyre freshness context to argue Albon had legitimate podium claim before the Leclerc incident
Norris vs Piastri after the SC was the best wheel-to-wheel battle of the season so far. Watching two drivers of that calibre on fresh rubber with nothing to lose — incredible.,reaction,Enthusiastic post-race reaction to McLaren intra-team battle at Imola; expressive with 'incredible'; no argument
"Hamilton went from P12 in qualifying to P4 in the race. Mercedes' race pace on the C5 hard was clearly better than their qualifying form suggested. That gap between quali and race pace is exactly the 2012 Lotus comparison — strong in long runs, weak on single lap.",analysis,Uses P12-to-P4 movement plus C5 hard tyre to diagnose Mercedes pace profile; historical Lotus comparison is evidence-grounded
Max didn't just win — he completely controlled the race from lap 1. He built a 5-second gap to Piastri in the first 10 laps before Oscar's problems even began. The win was secure long before the VSC.,analysis,Lap-count and gap-building evidence (5s in 10 laps) used to argue win was not purely luck-dependent
I love how people act surprised that Max won at Imola. He's won there in 2021 and 2022. He always goes well on low-downforce tracks where mechanical grip matters more.,hot_take,Uses two previous wins as pattern but 'always goes well' is overgeneralized; assertive rather than data-driven
Piastri's qualifying at Imola was one of the best laps I've ever seen — P2 in a car that clearly didn't have the raw pace of the Red Bull in those conditions. His Q3 lap was stunning.,reaction,Emotional reaction to Piastri's Imola Q3 lap; purely expressive with no data
The VSC timing for Norris was brutal. He had pitted literally one lap before the VSC. In a one-stop race that cost him around 20 seconds of free pitstop opportunity. That's probably the difference between P2 and a potential race win.,analysis,One-lap VSC timing miss quantified as ~20s penalty; bridges specific event to race outcome difference
Ferrari are allergic to making the right call when it matters. They never learn. Every race there's something.,hot_take,Bold pattern claim about Ferrari strategy errors with no specific race examples cited; venting without evidence
Hadjar beating Leclerc in the midfield battle after the safety car on lap 53 was one of those moments that makes you realise we might be watching a future champion.,reaction,Emotional reaction to Hadjar's SC-restart midfield performance; expressive 'future champion' framing
The fastest lap in the race was set by Norris on lap 58 of 58 — a 1:18.4 on hard tyres that had only 6 laps on them. The fact that his tyre was that fresh at the end while leading for most of the race shows how perfectly McLaren managed his one-stop.,analysis,Specific fastest lap time (1:18.4 on lap 58) and tyre age (6 laps) used as evidence for McLaren tyre management excellence
Leclerc's early stop on lap 10 was clearly reactive to the undercut threat but there was no undercut threat — the gap to Sainz behind was over 4 seconds. The pitwall pressed the panic button.,analysis,Specific 4-second gap used to show no undercut threat existed; labels Ferrari decision as unjustified reactive call
Watching Albon fight for podium position in a Williams is something I never thought I'd see in my lifetime. What a team they've become.,reaction,Emotional wonder reaction to Williams' 2025 competitiveness; expressive surprise with no argument
The ground effect regulations were supposed to reduce dirty air. At Imola behind the safety car restart you could still see cars backing off by over a second in the dirty air of the car in front through the flat-out Tamburello section.,analysis,Cites specific regulation intent vs observed dirty-air effect at named corner as evidence of unmet regulation promise
Verstappen has now won at 9 different circuits multiple times. That breadth of success across track types — street circuits permanent tracks high and low downforce — is what separates him from a driver who just exploits one car characteristic.,analysis,Uses multi-circuit win breadth argument (9 different venues) to rebut car-dependency criticism; structured comparative evidence
No penalty for Leclerc pushing Albon wide is genuinely one of the worst stewarding decisions this season. Albon was clearly ahead at the apex.,reaction,Angry immediate reaction to specific stewarding decision at Imola; event-triggered and emotionally charged
The key thing people miss about Oscar's race is that his graining on the mediums was significantly worse than Norris and Verstappen. That's a setup issue not a driving error — Oscar was running more front wing for sector 2 which killed the front tyre on the long T1 sequence.,analysis,Attributes Piastri's medium degradation to front-wing setup choice vs sector-2 trade-off; mechanical engineering argument that removes pure driver blame
Singapore without a Safety Car is like Monaco without a crash — technically possible but so rare it warrants the exception not the rule. One clean race in 15 editions is not enough to condemn the circuit.,analysis,Uses base rate argument (1 clean race in 15) to rebut knee-jerk calendar removal demand; statistical framing is load-bearing
